{
  "realized_pl": 7.8986923,
  "realized_return_pct": 24.623698352726688
}
