{
  "realized_pl": 30.657999300000007,
  "realized_return_pct": 42.54673574904267,
  "twr": 10.959245274533401,
  "irr": 205.38197003025087,
  "cagr": 205.38196996472809,
  "current_drawdown": 0.0,
  "max_drawdown": -0.7848275541309606,
  "sharpe": 8.024320913398919,
  "beta": 0.28534349407762527,
  "alpha": 7.859432142449302,
  "sp500_ytd_ret": 9.511783342881852
}
